,XLsite,PSM,Peptide length,Possible Matches
0,0.0,0.0,0.0,0.0
0,1.0,26.333333333333332,11.0,1.375
1,2.0,5.333333333333333,11.0,2.090909090909091
2,3.0,0.3333333333333333,11.0,3.0
3,4.0,0.5,11.0,2.0
4,5.0,0.5,11.0,2.0
1,6.0,0.0,0.0,0.0
2,7.0,0.0,0.0,0.0
3,8.0,0.0,0.0,0.0
4,9.0,0.0,0.0,0.0
5,10.0,0.0,0.0,0.0
6,11.0,0.0,0.0,0.0
5,12.0,0.41666666666666663,11.0,5.0
6,13.0,1.8166666666666667,11.0,4.142857142857143
7,14.0,2.3166666666666664,11.0,3.875
8,15.0,19.15,11.0,2.142857142857143
9,16.0,6.9,11.0,2.7857142857142856
10,17.0,5.9,11.0,2.9285714285714284
11,18.0,1.0,11.0,2.0
12,19.0,0.5,11.0,2.0
7,20.0,0.0,0.0,0.0
8,21.0,0.0,0.0,0.0
9,22.0,0.0,0.0,0.0
10,23.0,0.0,0.0,0.0
11,24.0,0.0,0.0,0.0
12,25.0,0.0,0.0,0.0
13,26.0,0.0,0.0,0.0
14,27.0,0.0,0.0,0.0
15,28.0,0.0,0.0,0.0
16,29.0,0.0,0.0,0.0
17,30.0,0.0,0.0,0.0
18,31.0,0.0,0.0,0.0
19,32.0,0.0,0.0,0.0
20,33.0,0.0,0.0,0.0
21,34.0,0.0,0.0,0.0
22,35.0,0.0,0.0,0.0
23,36.0,0.0,0.0,0.0
24,37.0,0.0,0.0,0.0
25,38.0,0.0,0.0,0.0
26,39.0,0.0,0.0,0.0
27,40.0,0.0,0.0,0.0
28,41.0,0.0,0.0,0.0
29,42.0,0.0,0.0,0.0
30,43.0,0.0,0.0,0.0
31,44.0,0.0,0.0,0.0
32,45.0,0.0,0.0,0.0
33,46.0,0.0,0.0,0.0
34,47.0,0.0,0.0,0.0
35,48.0,0.0,0.0,0.0
36,49.0,0.0,0.0,0.0
37,50.0,0.0,0.0,0.0
38,51.0,0.0,0.0,0.0
39,52.0,0.0,0.0,0.0
40,53.0,0.0,0.0,0.0
41,54.0,0.0,0.0,0.0
42,55.0,0.0,0.0,0.0
43,56.0,0.0,0.0,0.0
13,57.0,0.5,13.0,2.0
14,58.0,0.5,13.0,2.0
15,59.0,3.0,13.0,1.5
16,60.0,22.666666666666668,13.56,1.24
17,61.0,15.916666666666666,13.5,1.3888888888888888
18,62.0,4.25,13.857142857142858,2.2857142857142856
19,63.0,3.5833333333333335,14.285714285714286,2.2857142857142856
20,64.0,10.083333333333334,13.642857142857142,1.7142857142857142
21,65.0,1.0,16.0,1.0
22,66.0,6.25,15.142857142857142,1.4285714285714286
23,67.0,5.916666666666667,14.666666666666666,2.0
24,68.0,6.916666666666667,14.909090909090908,2.0
25,69.0,3.25,16.0,2.5714285714285716
26,70.0,0.8333333333333333,16.0,2.5
27,71.0,0.3333333333333333,16.0,3.0
44,72.0,0.0,0.0,0.0
45,73.0,0.0,0.0,0.0
46,74.0,0.0,0.0,0.0
47,75.0,0.0,0.0,0.0
28,76.0,0.25,13.0,4.0
29,77.0,0.25,13.0,4.0
30,78.0,0.75,14.5,3.0
31,79.0,1.25,15.0,2.6666666666666665
32,80.0,1.0,13.0,1.0
33,81.0,0.1111111111111111,18.0,9.0
34,82.0,1.1111111111111112,17.0,5.0
35,83.0,0.1111111111111111,18.0,9.0
36,84.0,0.1111111111111111,18.0,9.0
37,85.0,2.611111111111111,13.0,3.25
38,86.0,8.444444444444445,10.2,2.0
39,87.0,2.4444444444444446,13.0,3.5
40,88.0,1.4444444444444444,14.666666666666666,4.333333333333333
41,89.0,0.1111111111111111,18.0,9.0
48,90.0,0.0,0.0,0.0
49,91.0,0.0,0.0,0.0
50,92.0,0.0,0.0,0.0
51,93.0,0.0,0.0,0.0
52,94.0,0.0,0.0,0.0
53,95.0,0.0,0.0,0.0
54,96.0,0.0,0.0,0.0
55,97.0,0.0,0.0,0.0
56,98.0,0.0,0.0,0.0
57,99.0,0.0,0.0,0.0
58,100.0,0.0,0.0,0.0
59,101.0,0.0,0.0,0.0
60,102.0,0.0,0.0,0.0
61,103.0,0.0,0.0,0.0
62,104.0,0.0,0.0,0.0
63,105.0,0.0,0.0,0.0
64,106.0,0.0,0.0,0.0
65,107.0,0.0,0.0,0.0
66,108.0,0.0,0.0,0.0
42,109.0,1.0,9.0,1.0
67,110.0,0.0,0.0,0.0
68,111.0,0.0,0.0,0.0
69,112.0,0.0,0.0,0.0
70,113.0,0.0,0.0,0.0
71,114.0,0.0,0.0,0.0
72,115.0,0.0,0.0,0.0
73,116.0,0.0,0.0,0.0
74,117.0,0.0,0.0,0.0
75,118.0,0.0,0.0,0.0
76,119.0,0.0,0.0,0.0
77,120.0,0.0,0.0,0.0
43,121.0,0.5,29.0,4.0
44,122.0,0.6666666666666666,28.666666666666668,4.666666666666667
45,123.0,0.6666666666666666,28.666666666666668,4.666666666666667
46,124.0,0.6666666666666666,28.666666666666668,4.666666666666667
47,125.0,1.1666666666666667,28.5,3.5
48,126.0,0.16666666666666666,28.0,6.0
49,127.0,0.16666666666666666,28.0,6.0
78,128.0,0.0,0.0,0.0
79,129.0,0.0,0.0,0.0
50,130.0,3.9444444444444446,26.5,2.8333333333333335
51,131.0,4.111111111111111,27.0,3.2857142857142856
52,132.0,3.111111111111111,26.285714285714285,3.5714285714285716
53,133.0,5.111111111111111,26.90909090909091,3.272727272727273
54,134.0,3.953968253968254,26.666666666666668,4.333333333333333
55,135.0,10.487301587301587,26.391304347826086,3.391304347826087
56,136.0,4.403968253968254,26.266666666666666,4.266666666666667
57,137.0,2.653968253968254,26.818181818181817,4.818181818181818
58,138.0,26.237301587301587,26.857142857142858,2.2
59,139.0,3.092857142857143,27.75,3.75
60,140.0,5.226190476190476,27.77777777777778,2.5555555555555554
61,141.0,3.333333333333333,28.2,1.8
62,142.0,4.333333333333333,27.166666666666668,1.6666666666666667
63,143.0,3.0,27.0,1.0
64,144.0,0.5,27.0,2.0
65,145.0,1.7,27.0,2.6666666666666665
66,146.0,0.2,27.0,5.0
67,147.0,0.2,27.0,5.0
68,148.0,0.2,27.0,5.0
69,149.0,0.2,27.0,5.0
70,150.0,7.0,8.0,1.25
80,151.0,0.0,0.0,0.0
71,152.0,6.0,8.0,1.2857142857142858
72,153.0,0.25,8.0,4.0
73,154.0,0.25,8.0,4.0
74,155.0,0.25,8.0,4.0
75,156.0,0.25,8.0,4.0
81,157.0,0.0,0.0,0.0
76,158.0,0.5,6.0,2.0
77,159.0,0.5,6.0,2.0
78,160.0,0.2857142857142857,17.0,7.0
79,161.0,0.2857142857142857,17.0,7.0
80,162.0,1.8107142857142857,17.0,5.142857142857143
81,163.0,1.8107142857142857,17.0,5.142857142857143
82,164.0,0.8107142857142857,17.0,6.4
83,165.0,0.8107142857142857,17.0,6.4
84,166.0,1.8107142857142857,17.0,5.5
85,167.0,1.7916666666666665,12.5,3.75
86,168.0,1.2916666666666665,12.5,4.0
87,169.0,1.2916666666666665,12.5,4.0
82,170.0,0.0,0.0,0.0
83,171.0,0.0,0.0,0.0
84,172.0,0.0,0.0,0.0
85,173.0,0.0,0.0,0.0
86,174.0,0.0,0.0,0.0
